BMTCB,CLPRB,CLTCB,CLTCV,CLCCB,CLCCV,CLACB,CLACV,CLEIB,CLEIV,CLICB,CLICV,CLRCB,ELEXV,ELIMB,ELIMV,ESCCB,ESCCV,ESICB,ESICV,ESRCV,ESTCB,ESTCV,GDPRV,GETCB,GECCB,GEICB,GERCB,HYICB,HYTCB,LOTCB,NGACB,NGACV,NGCCB,NGCCV,NGICB,NGICV,NGMPB,NGRCB,NGRCV,NGTCB,NGTCV,NNACB,NNCCB,NNICB,PAACB,PAACV,PACCB,PACCV,PAICB,PAICV,PARCB,PATCB,PATCV,SOEGB,SOTCB,TPOPP,WWCCB,WWTCB,WWTCV,WYTCB
-1.041623848,-1.618004084,-1.425536245,-1.235242162,-0.429806164,-0.4305794,6.13068443,-0.286653901,-1.411705021,-1.206847146,-1.070955059,-1.104070854,-0.416663386,-0.396459948,-0.510822182,-0.50386,-1.179698053,-1.151827027,-1.994938352,-1.387946117,-1.095756549,-1.369608908,-1.162514957,-0.956166571,-0.8375869,-0.549054633,-0.843209924,-0.654311586,-0.801603929,-1.534735116,-1.417460801,-1.055885064,-0.450834479,-0.448602286,-1.086630483,-1.226399657,-1.361342068,-0.898750149,-0.827319953,-1.062688413,-0.69988727,-0.783796182,-1.055885064,-0.448361141,-1.226322998,-1.508603751,-0.921465417,-1.508372719,-0.853035206,-1.677376325,-0.909033322,-2.016233946,-1.63558608,-0.930624183,-0.356547855,-0.841085326,-1.334379224,-0.944483283,-1.083237488,-0.880605557,-0.142857143
-1.061821807,-1.619209826,-1.425529783,-1.235242162,-0.429806164,-0.4305794,1.372716946,-0.286653901,-1.411705021,-1.206847146,-1.070630352,-1.104070854,-0.416663386,-0.396459948,-0.510822182,-0.50386,-1.220500125,-1.151827027,-1.853495468,-1.387946117,-1.095756549,-1.345355514,-1.162514957,-0.956166571,-0.8375869,-0.549054633,-0.843209924,-0.654311586,-0.801603929,-1.565961659,-1.39557766,-1.15097117,-0.450834479,-2.674501483,-1.086630483,0.218589913,-1.361342068,-0.898750149,-1.384413815,-1.062688413,-0.454795533,-0.783796182,-1.15097117,-2.674119508,0.218615176,-1.469442141,-0.921465417,-1.479382728,-0.853035206,-1.675054617,-0.909033322,-1.35068328,-1.596357372,-0.930624183,-0.356547855,-0.841085326,-1.280015725,-0.945958178,-1.110795421,-0.880605557,-0.142857143
-1.080739905,-1.619209826,-1.389480657,-1.235242162,-0.429806164,-0.4305794,1.284685411,-0.286653901,-1.374204313,-1.206847146,-1.06924872,-1.104070854,-0.416663386,-0.396459948,-0.510822182,-0.50386,-1.22417048,-1.151827027,-1.645752083,-1.387946117,-1.095756549,-1.315739632,-1.162514957,-0.956166571,-0.8375869,-0.549054633,-0.843209924,-0.654311586,-0.801603929,-1.578973397,-1.366336253,-1.284091718,-0.450834479,-2.966635969,-1.086630483,0.769468112,-1.361342068,-0.56897272,-2.029928003,-1.062688413,-0.397910309,-0.783796182,-1.284091718,-2.966235511,0.769473782,-1.397774049,-0.921465417,-1.301404454,-0.853035206,-1.774134082,-0.909033322,-0.447939395,-1.53128988,-0.930624183,-0.356547855,-0.841085326,-1.239559168,-0.947751575,-1.136607122,-0.880605557,-0.142857143
-1.039950285,-1.619209826,-1.376786826,-1.235242162,-0.429806164,-0.4305794,0.718849811,-0.286653901,-1.360556244,-1.206847146,-1.075062232,-1.104070854,-0.416663386,-0.396459948,-0.510822182,-0.50386,-1.193230041,-1.151827027,-1.618079998,-1.387946117,-1.095756549,-1.289791572,-1.162514957,-0.956166571,-0.8375869,-0.549054633,-0.843209924,-0.654311586,-0.801603929,-1.579906451,-1.339155679,-1.271037398,-0.450834479,-2.707992189,-1.086630483,1.037212527,-1.361342068,1.013958936,-1.543642109,-1.062688413,-0.318827267,-0.783796182,-1.271037398,-2.707608095,1.037208673,-1.342610228,-0.921465417,-1.252837202,-0.853035206,-1.670096007,-0.909033322,-0.463554035,-1.469845413,-0.930624183,-0.356547855,-0.841085326,-1.207952483,-0.949127239,-1.080954092,-0.880605557,-0.142857143
-1.032883701,-1.619209826,-1.372810324,-1.235242162,-0.429806164,-0.4305794,0.392660716,-0.286653901,-1.356117872,-1.206847146,-1.079202414,-1.104070854,-0.416663386,-0.396459948,-0.510822182,-0.50386,-1.178419631,-1.151827027,-1.564874297,-1.387946117,-1.095756549,-1.265864076,-1.162514957,-0.956166571,-0.8375869,-0.549054633,-0.843209924,-0.654311586,-0.801603929,-1.601968874,-1.314984084,-0.511365334,-0.450834479,-0.777030987,-1.086630483,0.706088328,-1.361342068,2.004725037,-0.36555498,-1.062688413,-0.252531165,-0.783796182,-0.511365334,-0.776769063,0.706096251,-1.311509807,-0.921465417,-1.054499375,-0.853035206,-1.759958713,-0.909033322,-0.2371601,-1.446451416,-0.930624183,-0.356547855,-0.841085326,-1.185827804,-0.948435344,-1.071312502,-0.880605557,-0.142857143
-1.078090063,-1.619209826,-1.385096524,-1.235242162,-0.429806164,-0.4305794,0.180329905,-0.286653901,-1.368804747,-1.206847146,-1.081004336,-1.104070854,-0.416663386,-0.396459948,-0.510822182,-0.50386,-1.20933884,-1.151827027,-1.4529944,-1.387946117,-1.095756549,-1.255483733,-1.162514957,-0.956166571,-0.8375869,-0.549054633,-0.843209924,-0.654311586,-0.801603929,-1.053141049,-1.301406865,-0.33499805,-0.450834479,-1.491391004,-1.086630483,1.309399745,-1.361342068,3.554678951,-1.107766711,-1.062688413,-0.364012189,-0.783796182,-0.33499805,-1.491083883,1.30938621,-1.351085502,-0.921465417,-1.129177046,-0.853035206,-1.50130121,-0.909033322,-0.333671847,-1.459053983,-0.930624183,-0.356547855,-0.841085326,-1.16812806,-0.950896116,-1.132991698,-0.880605557,-0.142857143
-1.079909036,-1.619209826,-1.383067078,-1.235242162,-0.429806164,-0.4305794,-0.11631927,-0.286653901,-1.366407096,-1.206847146,-1.085002425,-1.104070854,-0.416663386,-0.396459948,-0.510822182,-0.50386,-1.182688228,-1.151827027,-1.377787854,-1.387946117,-1.095756549,-1.210841388,-1.162514957,-0.956166571,-0.8375869,-0.549054633,-0.843209924,-0.654311586,-0.801603929,-0.783072364,-1.249601225,0.142701437,-0.450834479,-1.754726663,-1.086630483,1.466790429,-1.361342068,3.63353877,-1.148012777,-1.062688413,-0.254815899,-0.783796182,0.142701437,-1.754402881,1.466771296,-1.292959722,-0.921465417,-1.145054641,-0.853035206,-1.02338015,-0.909033322,-1.337315498,-1.361943457,-0.930624183,-0.356547855,-0.841085326,-1.149164049,-0.94850903,-1.13547349,-0.880605557,-0.142857143
-1.022436218,-1.619008869,-1.384188136,-1.235242162,-0.429806164,-0.4305794,-0.275470873,-0.286653901,-1.367422047,-1.206847146,-1.087196863,-1.104070854,-0.416663386,-0.396459948,-0.510822182,-0.50386,-1.146451176,-1.151827027,-1.399783719,-1.387946117,-1.095756549,-1.189863496,-1.162514957,-0.956166571,-0.8375869,-0.549054633,-0.843209924,-0.654311586,-0.801603929,-0.855420443,-1.227834992,1.128950072,-0.450834479,-0.699858284,-1.086630483,0.750518841,-1.361342068,0.900687559,-1.124298575,-1.062688413,-0.324653687,-0.783796182,1.128950072,-0.699601243,0.750525184,-1.236893178,-0.921465417,-0.981385706,-0.853035206,-0.995405138,-0.909033322,-0.234394606,-1.299695269,-0.930624183,-0.356547855,-0.841085326,-1.128935771,-0.945041392,-1.05705804,-0.880605557,-0.142857143
-1.026215304,-1.619209826,-1.378534948,-1.235242162,-0.429806164,-0.4305794,-0.282933976,-0.286653901,-1.361528292,-1.206847146,-1.087165102,-1.104070854,-0.416663386,-0.396459948,-0.510822182,-0.50386,-1.125432275,-1.151827027,-1.339038145,-1.387946117,-1.095756549,-1.156861243,-1.162514957,-0.956166571,-0.8375869,-0.549054633,-0.843209924,-0.654311586,0.483460431,-0.616283023,-1.191613199,1.775375689,-0.450834479,-0.639904883,-1.086630483,1.221683978,-1.361342068,0.364440784,-0.751743825,-1.062688413,-0.052717193,-0.783796182,1.775375689,-0.639651635,1.221673563,-1.068028194,-0.921465417,-0.727709207,-0.853035206,-1.084212093,-0.909033322,-0.179658731,-1.150525057,-0.930624183,-0.356547855,-0.841085326,-1.106178957,-0.942439732,-1.062214194,-0.880605557,-0.142857143
-0.998449976,-1.619209826,-1.377086659,-1.235242162,-0.429806164,-0.4305794,-0.238045063,-0.286653901,-1.360149042,-1.206847146,-1.085293774,-1.104070854,-0.416663386,-0.396459948,-0.510822182,-0.50386,-1.064650104,-1.151827027,-1.189868464,-1.387946117,-1.095756549,-1.077778313,-1.162514957,-0.956166571,-0.8375869,-0.549054633,-0.843209924,-0.654311586,0.789039113,-0.476122932,-1.10344929,2.040942406,-0.450834479,-0.412022196,-1.086630483,1.508201895,-1.361342068,0.730063585,-0.336185338,-1.062688413,0.212545427,-0.783796182,2.040942406,-0.411783366,1.508181289,-1.002825694,-0.921465417,-0.513911611,-0.853035206,-0.820691725,-0.909033322,0.15059131,-1.058527868,-0.930624183,-0.356547855,-0.841085326,-1.071411604,-0.940460469,-1.024331404,-0.880605557,-0.142857143
-1.004159086,-1.59268351,-1.37565495,-1.22815845,-0.429806164,-0.4305794,-0.053912284,0.202972328,-1.359058541,-1.199650904,-1.079553768,-1.100872668,-0.416663386,-0.34106492,-0.510822182,-0.50386,-1.020408918,-1.04136187,-1.036713358,-1.172176832,-0.995163136,-1.016635002,-1.042629856,-0.849928348,-0.8375869,-0.549054633,-0.843209924,-0.654311586,1.20894297,-0.437922326,-1.025189542,1.153558491,-0.450834479,-0.853590422,-0.964628961,1.410627868,-0.901884245,0.679880063,-0.149459344,-0.868520224,0.135061319,-0.675032274,1.153558491,-0.853323654,1.410610732,-0.96479073,-0.800133401,-0.670117502,-0.719737114,-0.341362727,-0.786540062,0.699969586,-0.972408194,-0.806924789,-0.356547855,-0.841085326,-1.03664425,-0.9371811,-1.032120869,-0.835207689,-0.142857143
-0.982694418,-1.388913177,-1.374154899,-1.226584085,-0.429806164,-0.4305794,0.089798415,0.336506754,-1.358016284,-1.198154714,-1.072105556,-1.098988114,-0.416663386,-0.32607027,-0.510822182,-0.50386,-0.950025159,-1.024339903,-0.964821602,-1.156528775,-0.982354888,-0.948989575,-1.027739246,-0.836538538,-0.8375869,-0.549054633,-0.843209924,-0.654311586,0.563699243,-0.267702509,-0.951203605,1.724420014,-0.450834479,-0.268883212,-0.937461476,1.578325574,-0.846324012,0.34580119,0.53961764,-0.844479626,0.415279555,-0.655308213,1.724420014,-0.268653438,1.578302473,-0.902420893,-0.789809792,-0.492419743,-0.704876685,-0.526951698,-0.77528336,0.755254331,-0.915216319,-0.796244474,-0.356547855,-0.841085326,-0.971019922,-0.941027941,-1.002834648,-0.828169993,-0.142857143
-0.95331072,-1.025583038,-1.382177452,-1.225484213,-0.429806164,-0.4305794,0.145330523,0.648087081,-1.366906497,-1.197394352,-1.064639766,-1.094432415,-0.416663386,-0.23391924,-0.510822182,-0.50386,-0.872107665,-0.99501998,-0.790192724,-1.121316557,-0.953771307,-0.848991427,-0.997822513,-0.81616867,-0.8375869,-0.549054633,-0.843209924,-0.654311586,1.111182645,-0.240749554,-0.844914759,1.628405784,-0.450834479,-0.035637755,-0.921210524,1.709536512,-0.814271412,-0.26500396,0.880857613,-0.830146368,0.616595405,-0.643764808,1.628405784,-0.035422738,1.709508745,-0.733735331,-0.775203309,-0.01619965,-0.674032039,0.17809974,-0.742464638,1.316001425,-0.627213656,-0.777443576,-0.356547855,-0.841085326,-0.89991942,-0.944523562,-0.962743767,-0.820510436,-0.142857143
-0.977219656,-0.966702655,-1.367923935,-1.222663524,-0.429806164,-0.4305794,-0.063673141,0.247483803,-1.351775803,-1.194281222,-1.068414097,-1.095970121,-0.416663386,-0.272143983,-0.510822182,-0.50386,-0.82008842,-0.97343723,-0.679077216,-1.051284552,-0.922082153,-0.768904111,-0.964902006,-0.790901603,-0.8375869,-0.549054633,-0.843209924,-0.654311586,0.783962518,-0.092933394,-0.763927972,1.120524631,-0.450834479,0.941056111,-0.879512179,1.848147037,-0.775287743,-0.72003101,1.341796814,-0.791879622,0.420835937,-0.636287362,1.120524631,0.941209332,1.84811434,-0.569093572,-0.745779587,0.738540322,-0.602446462,0.549939293,-0.684993899,1.386785114,-0.159315232,-0.733364443,-0.356547855,-0.841085326,-0.826498987,-0.947914546,-0.995364927,-0.82098941,-0.142857143
-0.953277625,-0.323439504,-1.140067231,-1.202525125,-0.429806164,-0.4305794,-0.161869937,0.247483803,-1.114057002,-1.173271752,-1.069511414,-1.093134187,-0.416663386,-0.345058997,-0.412682996,-0.478320764,-0.77604244,-0.92803331,-0.563088548,-0.931988186,-0.87637184,-0.715344823,-0.909551911,-0.775019801,-0.8375869,-0.549054633,-0.843209924,-0.654311586,0.191517667,-0.008297571,-0.684729112,0.716498165,-0.450834479,1.190068406,-0.855601126,1.84560552,-0.675651656,-0.575755924,0.495167155,-0.798035363,0.142517882,-0.630879974,0.716498165,1.190205873,1.845572914,-0.640405201,-0.685102154,0.824682835,-0.443676544,0.715057974,-0.5150492,1.623126574,-0.159951753,-0.648297653,-0.356547855,-0.841085326,-0.764070726,-0.94401414,-0.962698612,-0.807492946,-0.142857143
-0.880849822,-0.215324672,-0.878667268,-1.153344959,-0.429806164,-0.4305794,0.415969128,1.582828063,-0.856330418,-1.130933068,-0.856843781,-0.984179719,-0.416663386,-0.327426607,-0.253580051,-0.421867266,-0.736701142,-0.847996826,-0.416678166,-0.761578701,-0.81879854,-0.674421178,-0.828416332,-0.766675965,-0.8375869,-0.549054633,-0.843209924,-0.654311586,1.32964032,-0.068933277,-0.64732504,-0.690289491,-0.450834479,1.091205618,-0.764933947,0.974188466,-0.659833128,-0.602487975,1.705479315,-0.74519915,-0.386384385,-0.617120418,-0.690289491,1.09134934,0.974186854,-0.620203208,-0.648888563,0.334841483,-0.442476007,-0.143435043,-0.544323449,0.32144613,-0.29702517,-0.61742679,-0.356547855,-0.841085326,-0.725099052,-0.92305107,-0.863878701,-0.798893553,-0.142857143
-0.834653915,0.474761445,-0.596980805,-1.086342661,-0.429806164,-0.4305794,0.727489364,2.829149373,-0.591445702,-1.084929036,-0.444304991,-0.702873311,-0.416663386,-0.306754323,-0.240353062,-0.411823629,-0.683497234,-0.800388236,-0.318306465,-0.680438616,-0.796825708,-0.629994279,-0.788787203,-0.745772984,-0.8375869,-0.549054633,-0.843209924,-0.654311586,1.593562025,0.036941104,-0.600274585,-1.142153081,-0.450834479,1.909618095,-0.640618391,1.187450281,-0.448292672,-0.525573756,2.240272903,-0.597543157,-0.18014513,-0.548929799,-1.142153081,1.909710036,1.187441083,-0.566782433,-0.624138358,0.783968581,-0.365031618,-0.158420853,-0.54223837,0.473733936,-0.292629717,-0.596559194,-0.356547855,-0.841085326,-0.686342934,-0.910849566,-0.800849378,-0.791122638,-0.142857143
-0.717357287,0.603172927,-0.36049432,-0.856829905,-0.429806164,-0.4305794,1.656370027,5.944952647,-0.405208076,-0.896295052,0.417987099,-0.092532317,-0.416663386,-0.296822834,-0.197700293,-0.383325856,-0.61706086,-0.718510394,-0.303147026,-0.584016722,-0.728981795,-0.575102209,-0.71138027,-0.713054736,-0.8375869,-0.549054633,-0.843209924,-0.654311586,-0.361955501,-0.29366742,-0.540197016,-1.24279054,-0.450834479,1.406499094,-0.577636025,0.95438888,-0.164897795,-0.555609403,1.82429473,-0.517027007,-0.228749574,-0.492362023,-1.24279054,1.406622868,0.954387972,-0.419113002,-0.576871843,2.072974823,-0.179140163,0.542501911,-0.426410373,1.332573401,0.023676841,-0.532429245,-0.356547855,-0.841085326,-0.636379087,-0.898112213,-0.640810803,-0.76560554,-0.142857143
-0.684002382,0.20025427,-0.478287729,-0.903949241,-0.429806164,-0.4305794,-0.372583129,-0.286653901,-0.479118036,-0.908579964,-0.280613094,-0.518623989,-0.416663386,-0.29063064,-0.510822182,-0.50386,-0.616715893,-0.675652688,-0.252527765,-0.53213383,-0.679817454,-0.542123452,-0.663965245,-0.667554178,-0.8375869,-0.549054633,-0.843209924,-0.654311586,0.805480786,-0.16174969,-0.486984337,-1.131658845,-0.450834479,0.567164677,-0.53278167,0.71496479,-0.007427372,-0.486471904,-0.007145734,-0.558261185,-0.099588803,-0.436739263,-1.131658845,0.567341555,0.714972398,-0.313457869,-0.534626948,1.964319872,-0.147085918,1.132857169,-0.306168439,1.8259652,0.068462475,-0.496463744,-0.356547855,-0.841085326,-0.579411829,-0.901252249,-0.595301639,-0.755149956,-0.142857143
-0.550607646,0.669488716,0.033077504,-0.360928149,-0.429806164,-0.4305794,-0.372583129,-0.286653901,-0.124055437,-0.535280226,2.264271915,1.756107066,-0.416663386,-0.268956714,-0.510822182,-0.50386,-0.562205103,-0.585529996,-0.065898665,-0.356514887,-0.584573411,-0.448507255,-0.559729143,-0.615284328,-0.8375869,-0.549054633,-0.843209924,-0.654311586,1.543917548,-0.081149138,-0.400407017,0.118673472,-0.450834479,-0.088148397,-0.480196808,0.582434503,0.385856278,-0.549145998,-0.303383573,-0.497941842,-0.174949554,-0.353348025,0.118673472,-0.087930058,0.582446825,-0.296278503,-0.411262243,0.431289766,-0.199699673,0.492190143,-0.276040562,1.740875691,-0.015484342,-0.374293455,-0.356547855,-0.841085326,-0.503394591,-0.883809637,-0.413298935,-0.704528992,-0.142857143
0.544740934,0.572225559,0.025750175,-0.275359603,-0.429806164,-0.4305794,-0.372583129,-0.286653901,0.022196745,-0.278226611,0.067268115,-0.140823481,-0.416663386,-0.238305481,-0.510822182,-0.50386,-0.511825657,-0.508149671,-0.084063507,-0.225717411,-0.510095397,-0.415667581,-0.47638691,-0.574755357,-0.8375869,-0.549054633,-0.843209924,-0.654311586,1.457477092,0.8341964,-0.354916439,0.395368429,-0.450834479,0.040649692,-0.353892888,0.196758875,0.488000929,-0.594811175,-0.274867114,-0.409982667,-0.260942481,-0.296279822,0.395368429,0.040594759,0.196677507,-0.370959301,-0.220894082,-0.64289429,-0.162383344,-0.015495882,-0.080551604,-1.40969014,-0.336718042,-0.204920251,-0.356547855,-0.841085326,-0.43878863,-0.65340556,1.08118585,-0.405596969,-0.142857143
0.961800963,0.713699242,0.467114359,0.118352209,-0.429806164,-0.4305794,-0.372583129,-0.286653901,0.410675217,0.059214183,1.092851119,0.748607458,-0.416663386,-0.348051433,-0.510822182,-0.50386,-0.495628607,-0.443389313,0.510572842,0.081855649,-0.455448177,-0.320211251,-0.384998272,-0.531300465,-0.8375869,-0.549054633,-0.843209924,-0.654311586,1.471612587,-0.216795461,-0.285470812,1.224799817,-0.450834479,-0.060442614,-0.282842272,0.776027705,0.905758109,-0.632145874,-0.965994017,-0.397978492,-0.023508342,-0.21934379,1.224799817,-0.060226028,0.776033141,-0.371860991,-0.128090405,-1.205336276,-0.301755489,-0.603350267,-0.104673823,-1.537996278,-0.458906177,-0.131054746,-0.356547855,-0.841085326,-0.393064503,-0.535510713,1.64744211,-0.223790159,-0.142857143
0.980838133,0.865421728,0.566759833,0.424040878,0.572314111,0.624502793,-0.372583129,-0.286653901,0.476823842,0.274340806,1.630378084,1.970090043,0.757838922,-0.360773031,-0.510822182,-0.50386,-0.49269455,-0.338223906,-0.06413814,0.076422072,-0.38073812,-0.410987927,-0.308277995,-0.512393558,-0.8375869,-0.549054633,-0.843209924,-0.654311586,1.471830043,-0.141688771,-0.371675073,-0.302014208,-0.450834479,-0.192237976,-0.000248085,-0.261838927,0.530662369,-0.75747267,-0.230089336,-0.110560834,-0.673210307,-0.193066091,-0.302014208,-0.192013052,-0.261796576,-0.384731354,-0.166505837,-0.435116654,-0.035013451,-0.981258925,-0.266326397,-0.864835477,-0.502372848,-0.173994884,-0.356547855,-0.841085326,-0.342649312,-0.546440624,1.669612404,-0.228505435,-0.142857143
1.211407432,0.672503069,0.324845091,0.274225932,-0.429806164,-0.4305794,-0.372583129,-0.286653901,0.22754243,0.112546492,1.589001886,2.013945014,-0.416663386,-0.390654923,-0.510822182,-0.50386,-0.463371417,-0.298031768,-0.110584468,0.169806931,-0.304679676,-0.363799258,-0.243338036,-0.463049629,-0.8375869,-0.549054633,-0.843209924,-0.654311586,1.486183137,2.53244335,-0.327123819,-1.920348894,-0.450834479,-0.53177488,0.075275841,-0.276465001,0.880532374,-0.711988649,-0.335598392,-0.002905535,-0.958500082,-0.181213507,-1.920348894,-0.531528474,-0.27642213,-0.31730956,-0.238032929,-0.738852306,-0.195446957,-0.975802403,-0.238914625,-0.346302396,-0.425360081,-0.234167434,-0.356547855,-0.841085326,-0.292670293,-0.511623752,1.989805202,-0.184386843,-0.142857143
1.383063449,0.696215988,0.499273702,0.388635535,0.538140902,0.463920949,-0.372583129,-0.286653901,0.370412819,0.225174655,2.144717559,2.104487154,0.882526762,-0.390077917,-0.510822182,-0.50386,-0.276869118,-0.147584297,-0.241051687,0.056364177,-0.229120847,-0.277614078,-0.162549715,-0.384186128,-0.8375869,-0.549054633,-0.843209924,-0.654311586,1.468785517,2.916081733,-0.278266165,-1.584539599,-0.450834479,-0.391334987,0.118871483,-0.309751279,0.956574113,-0.834959602,-0.715123092,0.015820651,-0.874806195,-0.13967268,-1.584539599,-0.391097465,-0.309707224,-0.197248673,-0.20006949,-0.773143826,-0.23287912,-0.399352547,-0.04841145,-1.164506344,-0.260591347,-0.189326688,-0.356547855,-0.841085326,-0.230588442,-0.466901146,2.224986342,-0.127961842,-0.142857143
1.431089478,0.315000681,0.600955376,0.574881731,0.50219726,0.394038109,-0.372583129,-0.286653901,0.463112246,0.417845388,2.335285923,2.149342521,1.08751002,-0.396459948,-0.510822182,-0.50386,-0.147719171,0.009172166,0.048904893,0.234079901,-0.111298066,-0.127103932,-0.021171978,-0.327477804,-0.8375869,-0.549054633,-0.843209924,-0.654311586,1.470307851,2.321525727,-0.11060929,-0.329858072,-0.450834479,-0.381948306,0.114713637,-1.052211034,-0.024825366,-0.777911641,-0.478165899,0.031093344,-0.738432772,-0.131667523,-0.329858072,-0.381711379,-1.052140571,-0.129530307,-0.168186182,0.03971453,0.074371615,-0.625577928,-0.105575528,-0.114924068,-0.223565282,-0.162817664,-0.356547855,-0.841085326,-0.157006183,-0.415061516,2.29051267,-0.133123222,-0.142857143
1.25718095,0.703048524,0.327489838,0.401548899,-0.429806164,-0.4305794,-0.372583129,-0.286653901,0.131758958,0.190099871,2.995791348,2.660793693,-0.416663386,-0.388496772,-0.510822182,-0.50386,-0.056729186,0.113754423,0.019877183,0.217123139,-0.038260797,-0.081578199,0.053021361,-0.263355492,-0.8375869,-0.549054633,-0.843209924,-0.654311586,1.470090395,2.488617298,-0.096337502,-1.88612065,-0.450834479,-0.677740985,-0.137404169,-1.52677172,-0.756280223,-0.810125765,-1.274247734,-0.191719753,-1.156737452,-0.357343219,-1.88612065,-0.682369872,-1.527191416,-0.030047945,-0.290738665,-0.106769652,-0.179389956,-0.214362127,-0.167224171,-0.246856755,-0.096595934,-0.283687785,-0.356547855,-0.841085326,-0.078163939,-0.337302098,2.053233274,-0.157986259,-0.142857143
0.508730677,0.667479146,0.250378464,0.226385138,-0.338823331,-0.343448881,-0.372583129,-0.286653901,0.255253479,0.229974967,0.084481041,0.10310182,-0.261155152,-0.388794018,-0.510822182,-0.50386,0.0852005,0.132270551,0.059721763,0.275552881,0.056890285,0.041170027,0.114487519,-0.21170554,-0.8375869,-0.549054633,-0.843209924,-0.654311586,1.464218656,0.949961649,0.008595308,-0.855536128,-0.450834479,0.029517787,-0.018493353,-0.987805227,-0.14825492,-0.814589682,-0.584125363,-0.114997195,-0.945635113,-0.304577018,-0.855536128,0.024240244,-0.988774495,0.037145185,-0.223700144,0.818871581,0.173473811,-0.519483028,-0.279178025,0.599536218,-0.04377361,-0.223812838,-0.356547855,-0.841085326,0.003280799,-0.598034235,1.032053746,-0.333886396,-0.142857143
0.605524962,0.872254263,0.405471063,0.473339396,-0.31086958,-0.322632716,-0.372583129,-0.286653901,0.423215217,0.503808463,-0.004208723,-0.046455281,-0.224706236,-0.387582556,-0.510822182,-0.50386,0.15399656,0.22401309,0.284648502,0.431247429,0.160027773,0.146507907,0.220676663,-0.150980273,-0.8375869,-0.549054633,-0.843209924,-0.654311586,1.44355891,0.096923066,0.118328871,-0.435184218,-0.450834479,0.139935943,0.109297504,-0.61760891,0.304100406,-0.82035202,-0.650766136,0.013102851,-0.852011828,-0.23573715,-0.435184218,0.140139851,-0.617553905,0.107129862,-0.246710049,-0.059714358,-0.189399243,-0.477275278,-0.280077479,-0.526650203,-0.001830953,-0.253582015,-0.356547855,-0.841085326,0.065280473,-0.552609806,1.16411909,-0.304454994,-0.142857143
0.290562648,0.779211203,0.666951014,0.662589698,-0.429806164,-0.4305794,-0.372583129,-0.286653901,0.68374142,0.684122442,0.169932995,0.175242836,-0.416663386,-0.386141291,-0.510822182,-0.50386,0.252021305,0.319470672,0.419580462,0.458311281,0.218527686,0.231209011,0.289838388,-0.114406255,0.928165773,-0.463404579,1.195427873,-0.032245496,-0.801603929,0.157366603,0.289329914,-0.365301529,-0.450834479,0.255865067,0.071930807,-0.806798786,-0.112854289,1.016252499,-0.845161814,-0.037360355,-0.554105549,-0.210556153,-0.365301529,0.25606164,-0.806737052,0.099985048,-0.163954626,-0.351825204,-0.187421006,-0.101782127,-0.181046872,-0.652066659,0.034123052,-0.166479388,-0.356547855,1.096797543,0.120277369,0.091235903,0.734387044,-0.268996169,-0.142857143
0.074822231,0.647068114,0.609266259,0.701294073,-0.311483072,-0.315793119,-0.372583129,-0.286653901,0.629821961,0.730289362,0.080598893,0.114585601,-0.247396542,-0.380233853,-0.510822182,-0.50386,0.284165113,0.415526414,0.510905376,0.578766268,0.258539074,0.264603259,0.362118882,-0.080473005,0.932706183,-0.463404579,1.195427873,0.026513507,-0.801603929,-0.012282221,0.312786858,1.334577758,-0.450834479,0.150931876,0.069642368,-0.952267099,-0.250584662,2.070424629,-0.178107173,0.071246601,-0.82352916,-0.262549569,1.334577758,0.151135089,-0.952200191,0.072184914,-0.070356314,0.268345036,0.139228919,-0.227039702,-0.158252218,-0.903657102,-0.00522787,-0.078132479,-0.356547855,1.181890457,0.159414031,0.549838826,0.440032555,0.52312197,-0.142857143
0.171777659,1.022319962,0.632073452,0.697338026,-0.118941306,-0.122797531,-0.372583129,-0.286653901,0.650580488,0.719881314,0.12348999,0.185094613,-0.026191115,-0.378892503,1.070840293,0.428519708,0.254762337,0.425587646,0.619668538,0.65358265,0.297656515,0.2821254,0.394852635,-0.046676133,0.936552159,-0.463404579,1.195427873,0.076285598,-0.801603929,-0.244614972,0.314724205,0.851590247,-0.430300577,-0.048157043,0.103315149,-0.914393547,-0.238605858,0.801140254,0.003751083,0.132968305,-0.857431448,-0.257227055,0.851590247,-0.047941235,-0.914327986,0.141920526,-0.116673785,0.193230679,0.136353182,-0.312081518,-0.170129263,-0.524207323,0.048159417,-0.12004528,-0.356547855,1.208287147,0.225458728,0.619588584,0.57231776,0.575935213,-0.142857143
0.230261632,0.88623141,0.765363022,0.771565707,3.500160608,3.470369927,-0.372583129,-0.286653901,0.794746231,0.804792264,0.043483326,0.103183047,4.519682157,-0.377888363,-0.510822182,-0.50386,0.319460678,0.532649953,0.810189602,0.862018764,0.419245653,0.365512964,0.522809902,0.068922559,0.940382814,-0.463404579,1.195427873,0.125859405,-0.801603929,-0.30621229,0.38828672,0.877706163,-0.374673194,-0.112592224,0.110689716,-0.87446716,0.017989465,0.177563631,-0.626864463,0.058399678,-0.784589607,-0.229973518,0.877706163,-0.112372338,-0.87440302,0.177046012,-0.056154157,-0.158345562,0.047218641,0.138383283,-0.075221462,-0.219323999,0.124912295,-0.060477386,-0.356547855,1.240672986,0.305843378,0.71027578,0.652112823,0.530951248,-0.142857143
0.089753292,0.815507386,0.884507459,0.848705066,0.578420653,0.575436119,-0.372583129,-0.286653901,0.915342135,0.880770431,0.101013791,0.171206708,0.84974727,-0.383133868,-0.510822182,-0.50386,0.359395282,0.577849132,0.79079541,0.994135218,0.474110302,0.400507199,0.584229235,0.150972338,0.943680888,-0.463404579,1.195427873,0.168540915,-0.801603929,-0.286976986,0.428028631,-0.67199517,-0.357105268,-0.034537714,0.099720804,-0.797164028,0.18861063,-0.067317427,-0.697261841,0.044108871,-0.987921349,-0.23662188,-0.67199517,-0.034322767,-0.797102637,0.362797258,0.051964922,-0.616695537,-0.134451819,-0.283816957,-0.089162104,-0.697399391,0.239378952,0.03338645,-0.356547855,1.287432805,0.400473793,1.020117437,0.417135992,0.415381694,-0.142857143
0.125461495,1.001949483,0.958922584,0.952278731,-0.312867657,-0.312522007,-0.372583129,-0.286653901,0.985808603,0.978985389,0.204602424,0.29951368,-0.298578435,-0.374781026,-0.510516279,-0.503699134,0.480202554,0.605587249,0.882850434,0.987359431,0.554136283,0.533446869,0.633453984,0.288267481,0.938102356,-0.463404579,1.195427873,0.096347229,-0.801603929,-0.052075269,0.542019859,1.26522078,-0.340719349,0.281566963,0.221762206,-0.525371263,0.321102167,0.146584767,-0.351677962,0.157924549,-0.706940537,-0.189708083,1.26522078,0.28176191,-0.525319539,0.403356869,0.062900426,-0.599557005,-0.234156124,-0.1349952,-0.048576361,-0.609804883,0.298245113,0.047538843,-0.356547855,1.315088963,0.51403598,0.932850145,0.395923494,0.361410596,-0.142857143
0.409104309,0.769889869,0.606152809,0.65509368,5.374508666,5.363154076,-0.372583129,-0.286653901,0.626805139,0.678731794,0.067773567,0.135968774,4.546207736,-0.392333485,4.391272498,1.99008506,0.571464404,0.620555556,1.084575103,0.96880317,0.501520866,0.593896569,0.61097664,0.406444951,0.941350635,-0.463404579,1.195427873,0.138384317,-0.801603929,0.269018401,0.627098634,-0.347970064,-0.30066553,0.143825649,0.173665449,-0.406639093,0.558737883,-0.11720567,-0.927506449,0.085415402,-0.860472566,-0.217413882,-0.347970064,0.144029311,-0.406591592,0.505273758,0.107501905,-0.646722572,-0.201824048,0.450074801,0.123034157,-0.084054828,0.451382637,0.102024235,-0.356547855,1.325817694,0.632504158,0.95134702,0.540134785,0.445676456,-0.142857143
0.185759465,0.46151528,0.605856393,0.717017244,-0.241205602,-0.246207653,-0.372583129,-0.286653901,0.625543368,0.745154797,0.09081337,0.134213062,-0.26953747,-0.371726144,-0.510822182,-0.50386,0.685475844,0.706362616,1.316362878,1.091545439,0.625366446,0.755577385,0.720830011,0.525763035,0.944244712,-0.463404579,1.195427873,0.175837556,-0.801603929,0.600866974,0.80060762,-0.72645457,-0.268961735,0.143566266,0.150691438,-0.488704888,0.50630197,-0.264501827,-0.910869713,0.074445714,-0.895374846,-0.193024205,-0.72645457,0.143769944,-0.488654468,0.684357619,0.283052033,0.071754735,0.06763173,0.884829218,0.364537977,-0.842264124,0.666065004,0.281665853,-0.356547855,1.337250528,0.730131519,1.028431273,0.291152709,0.503996557,-0.142857143
0.382603161,0.715160602,0.766127358,0.842925746,-0.228543267,-0.23342058,-0.372583129,-0.286653901,0.790535927,0.875040672,0.121646067,0.168625191,-0.274357475,-0.104550104,1.866544283,0.802987928,0.796233622,0.739506819,1.454090466,1.112148429,0.681259583,0.865257085,0.7637859,0.632001258,0.948034058,-0.463404579,1.195427873,0.224876775,-0.801603929,1.541090862,0.906236487,-0.328926305,-0.264539071,0.436561303,0.273881693,-0.419172912,0.466041793,-0.273915438,-0.075382269,0.264202041,-0.734871657,-0.127313558,-0.328926305,0.436746444,-0.419124966,0.67677506,0.270593722,0.235838474,0.045074441,1.016343993,0.307306095,-1.132279182,0.673080199,0.265947257,-0.356547855,1.311542033,0.824983181,1.823573783,0.56168993,0.710958887,-0.142857143
-0.090193084,0.635336666,0.866311521,0.801084379,-0.033302376,-0.038046002,-0.372583129,-0.286653901,0.896785225,0.831955412,0.096158052,0.155930945,-0.136263455,-0.396459948,-0.452553396,-0.466315259,0.929716316,0.79909832,1.247823122,1.014216571,0.730812273,0.929430526,0.798639802,0.770734566,0.949879048,-0.463404579,1.195427873,0.248753421,-0.801603929,1.162164473,0.976872569,-0.047618628,-0.05605875,0.722177857,0.535166436,-0.41225891,0.310896301,-0.270123505,1.017345944,0.611633208,-0.428831606,-0.003616213,-0.047618628,0.722344927,-0.412211209,0.906617847,0.166153787,2.010935788,0.278910615,1.312039723,0.145691525,0.141204071,0.943359376,0.163243046,-0.356547855,1.276303814,0.917497212,1.461480327,-0.015067392,0.216485445,-0.142857143
-0.042377878,0.730151023,0.964092291,0.882246132,-0.364473466,-0.363967672,-0.372583129,-0.286653901,1.000413985,0.916435427,0.073160023,0.170145158,-0.36568535,-0.396459948,-0.510822182,-0.50386,1.045035901,0.856218682,1.220646761,0.959318682,0.776508596,1.013549537,0.8361627,0.918258036,1.31195974,1.692961486,1.201714421,0.706457987,-0.801603929,0.753731867,1.090138284,-0.276524048,0.110417221,0.623650105,0.555567155,-0.478169551,0.322846321,-0.247759405,0.301136308,0.578306672,-0.341783053,0.04359579,-0.276524048,0.623823409,-0.478119506,1.099185957,0.329123882,1.658096568,0.501660728,1.40023599,0.239742797,1.786922821,1.131821249,0.324671446,-0.356547855,1.211332262,1.006299987,1.710423024,0.081360268,0.304181939,-0.142857143
0.05907934,0.990660481,1.13927689,0.887125747,-0.399128532,-0.40232889,-0.372583129,-0.286653901,1.165863815,0.910538596,0.319591145,0.295920564,-0.394968179,-0.396459948,0.176997117,0.441717719,1.23124935,0.959860167,1.079698136,0.970807876,0.946314973,1.173959734,0.961247683,1.051077511,1.31195974,1.692961486,1.201714421,0.706457987,-0.801603929,0.260598239,1.245360615,0.235218875,0.225375803,0.749431319,0.741566228,-0.816304605,0.490381241,-0.393579884,0.660446173,0.724831598,0.183958461,0.468169662,0.235218875,0.749596665,-0.816242533,1.177971746,0.715514434,1.281320487,0.837541389,1.253950486,0.566464329,1.04660514,1.192427506,0.710648164,-0.356547855,1.089879982,1.096367029,1.887626629,0.191038829,1.018752597,-0.142857143
-0.311245391,1.050097576,1.087181334,0.861605449,0.213544324,0.171899891,-0.372583129,-0.286653901,1.119128826,0.891711414,0.210119199,0.202546225,0.038365861,-0.396459948,0.289703542,0.838630253,1.275598755,1.023078483,0.904381045,0.840449598,1.022582566,1.226885218,1.006485745,1.153645934,1.319470385,1.692961486,1.201714421,0.803655814,-0.801603929,0.042426703,1.239212707,0.623912899,0.467525061,0.531075659,0.993300375,-0.820199229,1.04793795,-0.477457067,0.967081062,1.016075096,0.656562154,0.757100316,0.623912899,0.53125482,-0.820137018,1.286879162,0.667443361,0.906161614,0.610248835,0.638777824,0.417201961,0.782343887,1.230830021,0.657783838,-0.226228311,0.970981276,1.183326501,0.850628096,-0.401572906,0.236253515,-0.142857143
-0.43492582,0.929612111,0.983163558,0.770976709,0.371021626,0.325642138,-0.372583129,-0.286653901,1.015142324,0.800800155,0.145629945,0.148113572,0.208195904,0.023999733,0.693102428,0.378039237,1.328888274,1.024593492,0.80173006,0.754223658,1.03265085,1.241983742,1.000961088,1.239588677,1.368289578,1.970064601,1.201714421,0.90085364,-0.801603929,-0.066458218,1.255446837,0.202532261,0.559584267,0.710681253,1.183298455,-1.038289678,0.666875215,-0.484310784,0.844575156,1.266348399,0.797525094,0.660580508,0.202532261,0.710849051,-1.038219711,1.380228072,0.594362717,1.139897512,0.534576505,0.79970885,0.372504554,0.880889006,1.312259603,0.578385316,-0.236117486,0.870669671,1.276631332,0.852647444,-0.434978617,0.169663401,-0.142857143
-0.405344909,0.767491895,0.983508348,0.790459997,0.342665724,0.280441323,-0.372583129,-0.286653901,1.00770446,0.814489596,0.256979366,0.226429687,0.243836302,0.185056713,0.293072057,0.365862376,1.359046626,1.083258463,0.768658621,0.803179034,1.160284522,1.310383834,1.092715584,1.388773475,0.924609557,2.146878054,0.609242182,1.230178345,-0.801603929,-0.171424277,1.295438052,-0.270613938,0.539482842,0.795293709,1.066096167,-1.151813753,0.458830354,-0.292366483,0.92065471,1.147253721,1.063252891,1.061507362,-0.270613938,0.795456154,-1.151739748,1.490032964,1.005437566,-0.035952932,0.339868935,0.569323416,0.543150791,-0.117661798,1.367261623,0.959455165,-0.252216702,0.825712881,1.364717899,0.928752568,-0.388274846,0.419134998,-0.142857143
-0.3922194,0.912931145,1.095421872,0.923262382,0.511405682,0.452025997,-0.372583129,-0.286653901,1.118562972,0.945052298,0.340419739,0.335655845,0.181729064,0.470669453,1.984979219,2.325294967,1.437299333,1.204693359,1.059494144,0.993014848,1.287832891,1.442375781,1.226775298,1.53938404,1.0768257,2.156772146,0.780118826,1.331596501,-0.801603929,-0.258395359,1.439203626,-0.800868974,0.843317085,0.991076043,1.338184011,-0.837348852,1.246047841,-0.44181997,1.495756705,1.472276314,2.113183301,1.805570776,-0.800868974,0.991226101,-0.837286031,1.615970086,1.463348594,-0.654803765,0.297988358,1.334362644,1.145863431,-0.698483035,1.553129339,1.420331132,0.745873049,0.800719405,1.470835448,0.80375142,-0.363817563,0.609295005,-0.142857143
1.381039257,0.778193779,1.113396139,1.137224422,0.996091132,1.097921861,-0.372583129,-0.286653901,1.138918412,1.155133703,0.316708322,0.514150206,0.292796501,2.05402008,0.991260279,1.530417276,1.593593244,1.36656393,0.904951186,1.097084426,1.541838788,1.556039674,1.427676289,1.808184473,1.287507407,2.255878831,0.993714721,1.555183578,-0.801603929,-0.454353573,1.518663955,-0.203504491,1.731783098,0.782002357,1.584148295,-1.044912807,1.276581639,-0.575493546,0.995250804,1.579788926,1.762014449,2.305411471,-0.203504491,0.782165642,-1.044842603,1.779196235,2.138443378,-0.326081533,0.838024549,1.825038397,2.085188545,-0.541321199,1.758908991,2.114566541,3.145824583,0.801885357,1.606919927,1.41353589,0.069748133,1.766785015,-0.142857143
1.388050523,0.013082208,1.134382784,1.201207767,0.408892093,0.472842162,-0.372583129,-0.286653901,1.158467092,1.218600761,0.351021321,0.561605296,0.057977583,3.023341906,1.347166049,2.131692659,1.726434318,1.692671784,1.162979834,1.217450885,1.867616249,1.734673162,1.729481244,2.10411167,1.314656286,2.052947655,1.036433882,1.835678038,-0.801603929,-0.343201753,1.661142263,0.573679574,2.399126137,0.929671653,2.290034126,-0.96516957,1.965585833,-0.054771195,1.024074985,2.148008032,2.229941773,2.356463858,0.573679574,0.929825595,-0.965102203,1.891761966,2.546210076,-0.413060717,1.011276809,1.581875207,2.387874205,-0.266050727,1.837987614,2.516292373,3.00344939,0.935510388,1.744103687,1.258262419,-0.046428587,1.875569776,-0.142857143
1.834189314,-0.036267101,1.173155262,1.50688361,0.355041844,0.634613502,-0.372583129,-0.286653901,1.205134308,1.514589687,0.262157862,0.865020782,0.08233675,2.385103853,2.747359125,4.365915961,1.938664906,1.970938207,1.169395539,1.385850472,2.146093254,1.916930116,1.995681184,2.272686896,1.42714089,1.856484569,1.164591455,2.283364424,-0.801603929,-0.416548755,1.836327522,0.562127234,2.311062962,0.953586013,2.482860677,-0.905948521,2.337386737,0.007821893,1.59347737,2.535868388,2.708733473,2.830312377,0.562127234,0.953738442,-0.905883261,1.856675011,2.722735479,0.223756105,1.698387952,1.434405372,2.446008784,-0.545687698,1.794487972,2.687721577,1.848269709,1.078932239,1.851092948,1.397931884,0.054764896,2.386866338,-0.142857143
2.607562764,-0.035680588,1.292932409,1.905306586,-0.429806164,-0.4305794,-0.372583129,-0.286653901,1.344856554,1.959868712,0.052125766,0.586027936,-0.416663386,4.345383965,0.769871554,1.413537589,1.902737818,2.186364202,1.341686426,1.772166104,2.228617277,1.87413262,2.169144414,2.28636186,1.910346132,1.481254201,1.762371697,2.790887736,-0.801603929,-0.19374656,1.785825804,1.021230408,2.749057192,0.922152966,2.51046301,-0.857632405,2.488520166,-0.171524373,1.627931088,2.630084904,2.812591612,3.455258332,1.021230408,0.922307383,-0.857568863,1.62323119,3.178398092,2.726683768,5.396158839,1.765676741,3.968732867,2.100236906,1.663206724,3.283728261,3.385526256,1.46623239,1.938939936,1.527164007,0.35698487,3.657533715,-0.142857143
2.562155112,-0.156649945,1.023367603,1.696990667,-0.429806164,-0.4305794,-0.372583129,-0.286653901,1.089677291,1.795519313,-0.318502781,-0.046060351,-0.416663386,2.510588817,1.280705264,1.272311173,1.81362645,2.254274278,0.852713789,1.396271254,2.337514101,1.743005791,2.200744051,2.194145743,1.634156051,1.557465619,1.345478619,3.581568728,-0.801603929,-0.500489797,1.597296791,0.450605568,4.432160654,0.810860977,2.239623676,-0.994531366,1.316537946,0.085494057,0.721695944,2.282219239,2.379005174,1.770668449,0.450605568,0.811022436,-0.994462955,1.433978794,1.793352657,1.312119212,2.034678987,1.007782096,1.869864932,1.682574294,1.390296319,1.820798535,3.204081559,1.758534627,1.994849634,1.492265375,0.303282867,2.374460646,7
